1|/Resources/Images/homeanja2.jpg|5
2|/Resources/Images/homeanja3.jpeg|5
3|/Resources/Images/homeanja4.jpg|5
4|/Resources/Images/homeanja1.jpeg|5
5|/Resources/Images/nature1.jpg|4
6|/Resources/Images/nature2.png|4
7|/Resources/Images/nature3.jpeg|4
8|/Resources/Images/nature4.jpeg|4
9|/Resources/Images/redflat1.jpg|1
10|/Resources/Images/redflat2.jpg|1
11|/Resources/Images/redflat3.jpg|1
12|/Resources/Images/art1.jpg|2
13|/Resources/Images/art2.jpg|2
14|/Resources/Images/art3.jpeg|2
15|/Resources/Images/dreams4.jpeg|7
16|/Resources/Images/dreams1.jpeg|7
17|/Resources/Images/dreams2.jpeg|7
18|/Resources/Images/dreams3.jpeg|7
19|/Resources/Images/wish2.jpg|8
20|/Resources/Images/wish4.jpg|8
21|/Resources/Images/wish3.jpg|8
22|/Resources/Images/wish1.jpeg|8
23|/Resources/Images/cottage1.jpg|3
24|/Resources/Images/stars2.jpeg|3
25|/Resources/Images/cottage3.jpeg|3
26|/Resources/Images/best1.jpeg|6
27|/Resources/Images/best2.jpg|6
28|/Resources/Images/art1.jpg|9
29|/Resources/Images/church.jpg|10
