1|Istanbul|Turkey|/Resources/Images/istanbul.jpeg
2|Novi Sad|Serbia|/Resources/Images/noviSad.png
3|Nis|Serbia|/Resources/Images/nis.jpeg
4|Ruma|Serbia|/Resources/Images/ruma.jpg
5|Trebinje|BiH|/Resources/Images/tb.jpg
6|Nevesinje|BiH|/Resources/Images/nevesinje.jpg
7|Vienna|Austria|/Resources/Images/bec.jpg
8|Subotica|Serbia|/Resources/Images/subotica.jpeg
9|Sarajevo|BiH|/Resources/Images/sarajevo.jpg
10|Mostar|BiH|/Resources/Images/mostar.jpg
11|Belgrade|Serbia|/Resources/Images/beograd.jpg
12|Budapest|Hungary|/Resources/Images/budapest.jpeg
13|Rome|Italy|/Resources/Images/rim.jpeg
14|Venice|Italy|/Resources/Images/venecija.jpg
15|Moscow|Russia|/Resources/Images/moskva.jpg
16|Athens|Greece|/Resources/Images/atina.jepg