1|Resources/Images/beograd.jpg|1
2|Resources/Images/Belgrade.png|1
3|Resources/Images/Belgrade1.png|1
4|Resources/Images/sarajevo.jpg|2
5|Resources/Images/ruma.jpg|3
6|Resources/Images/beograd.jpg|4
7|Resources/Images/Belgrade.png|4
8|Resources/Images/Acropolis.jpg|5
9|Resources/Images/athens.jpg|5
10|Resources/Images/sarajevo.jpg|6
11|Resources/Images/bec.jpg|7
12|Resources/Images/bec.jpg|8
13|Resources/Images/andjelkina-kapija.jpg|9
14|Resources/Images/tb.jpg|9
15|Resources/Images/noviSad.png|10
16|Resources/Images/Acropolis.jpg|11
17|Resources/Images/athens.jpg|11
